<?xml version="1.0" encoding="UTF-8"?><?xml-stylesheet type='text/xsl' href='_UpgradeReport_Files/UpgradeReport.xslt'?><UpgradeLog>
<Properties><Property Name="Solution" Value="PE C Sharp solution">
</Property><Property Name="Solution File" Value="C:\Temp\PE C Sharp solution\PE C Sharp solution.sln">
</Property><Property Name="User Options File" Value="C:\Temp\PE C Sharp solution\PE C Sharp solution.suo">
</Property><Property Name="Date" Value="Wednesday, July 28, 2010">
</Property><Property Name="Time" Value="16:57 PM">
</Property></Properties><Event ErrorLevel="0" Project="" Source="PE C Sharp solution.sln" Description="File successfully backed up as C:\Temp\PE C Sharp solution\Backup\PE C Sharp solution.sln">
</Event><Event ErrorLevel="0" Project="" Source="PE C Sharp solution.suo" Description="File successfully backed up as C:\Temp\PE C Sharp solution\Backup\PE C Sharp solution.suo">
</Event><Event ErrorLevel="0" Project="PE C Sharp solution" Source="PE C Sharp solution.csproj" Description="Project file successfully backed up as C:\Temp\PE C Sharp solution\Backup\PE C Sharp solution.csproj">
</Event><Event ErrorLevel="0" Project="PE C Sharp solution" Source="PE C Sharp solution.csproj.user" Description="Project user file successfully backed up as C:\Temp\PE C Sharp solution\Backup\PE C Sharp solution.csproj.user">
</Event><Event ErrorLevel="0" Project="PE C Sharp solution" Source="AssemblyInfo.cs" Description="File successfully backed up as C:\Temp\PE C Sharp solution\Backup\AssemblyInfo.cs">
</Event><Event ErrorLevel="0" Project="PE C Sharp solution" Source="PEWSClientMessageInspector.cs" Description="File successfully backed up as C:\Temp\PE C Sharp solution\Backup\PEWSClientMessageInspector.cs">
</Event><Event ErrorLevel="0" Project="PE C Sharp solution" Source="PEWSCustomBehavior.cs" Description="File successfully backed up as C:\Temp\PE C Sharp solution\Backup\PEWSCustomBehavior.cs">
</Event><Event ErrorLevel="0" Project="PE C Sharp solution" Source="QueueQueryForm.cs" Description="File successfully backed up as C:\Temp\PE C Sharp solution\Backup\QueueQueryForm.cs">
</Event><Event ErrorLevel="0" Project="PE C Sharp solution" Source="QueueQueryForm.Designer.cs" Description="File successfully backed up as C:\Temp\PE C Sharp solution\Backup\QueueQueryForm.Designer.cs">
</Event><Event ErrorLevel="0" Project="PE C Sharp solution" Source="Service References\pewsWCF\Reference.cs" Description="File successfully backed up as C:\Temp\PE C Sharp solution\Backup\Service References\pewsWCF\Reference.cs">
</Event><Event ErrorLevel="0" Project="PE C Sharp solution" Source="simpleLaunchStep.cs" Description="File successfully backed up as C:\Temp\PE C Sharp solution\Backup\simpleLaunchStep.cs">
</Event><Event ErrorLevel="0" Project="PE C Sharp solution" Source="Form1.cs" Description="File successfully backed up as C:\Temp\PE C Sharp solution\Backup\Form1.cs">
</Event><Event ErrorLevel="0" Project="PE C Sharp solution" Source="peFunctions.cs" Description="File successfully backed up as C:\Temp\PE C Sharp solution\Backup\peFunctions.cs">
</Event><Event ErrorLevel="0" Project="PE C Sharp solution" Source="peSession.cs" Description="File successfully backed up as C:\Temp\PE C Sharp solution\Backup\peSession.cs">
</Event><Event ErrorLevel="0" Project="PE C Sharp solution" Source="Properties\Settings.Designer.cs" Description="File successfully backed up as C:\Temp\PE C Sharp solution\Backup\Properties\Settings.Designer.cs">
</Event><Event ErrorLevel="0" Project="PE C Sharp solution" Source="stepprocessor.cs" Description="File successfully backed up as C:\Temp\PE C Sharp solution\Backup\stepprocessor.cs">
</Event><Event ErrorLevel="0" Project="PE C Sharp solution" Source="worklaunchstep.cs" Description="File successfully backed up as C:\Temp\PE C Sharp solution\Backup\worklaunchstep.cs">
</Event><Event ErrorLevel="0" Project="PE C Sharp solution" Source="app.config" Description="File successfully backed up as C:\Temp\PE C Sharp solution\Backup\app.config">
</Event><Event ErrorLevel="0" Project="PE C Sharp solution" Source="Properties\Settings.settings" Description="File successfully backed up as C:\Temp\PE C Sharp solution\Backup\Properties\Settings.settings">
</Event><Event ErrorLevel="0" Project="PE C Sharp solution" Source="Service References\pewsWCF\filenet.vw.ws.server1.wsdl" Description="File successfully backed up as C:\Temp\PE C Sharp solution\Backup\Service References\pewsWCF\filenet.vw.ws.server1.wsdl">
</Event><Event ErrorLevel="0" Project="PE C Sharp solution" Source="Service References\pewsWCF\Reference.svcmap" Description="File successfully backed up as C:\Temp\PE C Sharp solution\Backup\Service References\pewsWCF\Reference.svcmap">
</Event><Event ErrorLevel="0" Project="PE C Sharp solution" Source="Service References\pewsWCF\configuration.svcinfo" Description="File successfully backed up as C:\Temp\PE C Sharp solution\Backup\Service References\pewsWCF\configuration.svcinfo">
</Event><Event ErrorLevel="0" Project="PE C Sharp solution" Source="App.ico" Description="File successfully backed up as C:\Temp\PE C Sharp solution\Backup\App.ico">
</Event><Event ErrorLevel="0" Project="PE C Sharp solution" Source="Form1.resx" Description="File successfully backed up as C:\Temp\PE C Sharp solution\Backup\Form1.resx">
</Event><Event ErrorLevel="0" Project="PE C Sharp solution" Source="QueueQueryForm.resx" Description="File successfully backed up as C:\Temp\PE C Sharp solution\Backup\QueueQueryForm.resx">
</Event><Event ErrorLevel="0" Project="PE C Sharp solution" Source="stepprocessor.resx" Description="File successfully backed up as C:\Temp\PE C Sharp solution\Backup\stepprocessor.resx">
</Event><Event ErrorLevel="0" Project="PE C Sharp solution" Source="worklaunchstep.resx" Description="File successfully backed up as C:\Temp\PE C Sharp solution\Backup\worklaunchstep.resx">
</Event><Event ErrorLevel="0" Project="PE C Sharp solution" Source="PE C Sharp solution.csproj" Description="Project converted successfully">
</Event><Event ErrorLevel="3" Project="PE C Sharp solution" Source="PE C Sharp solution.csproj" Description="Converted">
</Event><Event ErrorLevel="0" Project="" Source="PE C Sharp solution.sln" Description="Solution converted successfully">
</Event><Event ErrorLevel="3" Project="" Source="PE C Sharp solution.sln" Description="Converted">
</Event><Event ErrorLevel="0" Project="PE C Sharp solution" Source="PE C Sharp solution.csproj" Description="Scan complete: Upgrade not required for project files.">
</Event></UpgradeLog>